Name	City	Zip	Score	Non-Smoking	Date	Street
24/7 HEALTH CLUB	HUNTSVILLE	35811	97	Yes	6/11/2014	3490 Harris Hill Blvd
2424 INC	HUNTSVILLE	35816	93	Yes	1/2/2015	2424 Jordan Lane
3-RIVERS FARMER MARKET (ROWE INC.)	HUNTSVILLE	35811	99		9/12/2014	2421 Winchester Road
32 DEGREES A YOGURT BAR	MADISON	35758	99	Yes	10/21/2014	7690 Highway 72 West, Suite 10
72 QUICK STOP	GURLEY	35748	96		12/1/2014	6270 Hwy 72 East
A & C AMOCO	MADISON	35758	91	Yes	7/15/2014	7150 US Hwy 72 W
ABSOLUTE NUTRITION	MADISON	35758	98	Yes	1/12/2015	7449 Highway 72 West Suite B
ACCESSCORP SECURITIES LLC: TEXACO N/ PARKWAY	HUNTSVILLE	35810	96	Yes	1/13/2015	3030 Memorial Pkwy NW
AJ'S FUEL CITY, LLC	HUNTSVILLE	35802	95	Yes	1/15/2015	11431 S. Memorial Pkwy
AL SPACE SCIENCE EXHIBIT COMMISSION	HUNTSVILLE	35805	98	Yes	1/9/2015	One Tranquility Base
ALABAMA BLUES HOT DOGS-COMMISSARY	MADISON	35758	96		2/27/2015	9076 Madison Blvd J
ALABAMA BLUES HOT DOGS-MOBILE	MADISON	35758	96		2/27/2015	9076 Madison Blvd J
ALAMAL PIZZA, INC., DBA MARCO'S PIZZA	MADISON	35758	92	Yes	1/21/2015	7559 Hwy. 72 W Suite 101
AMBE SHREE LLC DBA SUPER 8 MOTEL	HUNTSVILLE	35816	97	Yes	10/22/2014	3803 University Drive
AMERICA'S BEST INN (CONTINENTAL BREAKFAST)	HUNTSVILLE	35801	99	Yes	11/20/2014	1304 N. Memorial Pkwy
ANGEL'S ISLAND COFFEE	HUNTSVILLE	35802	92	Yes	1/28/2015	7538 S Memorial Parkway
ANGEL'S TOUCH CAFÉ' DBA HALO ENT LLC	HUNTSVILLE	35801	94	Yes	4/23/2014	3601 CCI Drive
ANGELS FOOD MART, INC.	HUNTSVILLE	35802	96	Yes	1/22/2015	7920 S. Memorial Pkwy
ANGIES' TOFFEE	HUNTSVILLE	NULL	98		3/3/2015	11243 S. Memorial Parkway
APOLLO CONCESSION	HUNTSVILLE	35805	98	Yes	1/9/2015	One Tranquility Base
ATLANTIS CORNER	HUNTSVILLE	35806	85		2/10/2015	1176 Old Monrovia Rd
BAMA GROCERY	HUNTSVILLE	35816	93	Yes	12/10/2014	2310 University Dr
BASKIN ROBBINS	MADISON	35758	95		1/12/2015	7830 Highway 72 West Suite 285
BASKIN-ROBBINS	HUNTSVILLE	35802	97	Yes	1/28/2015	5000 Whitesburg Dr. Suite 156
BAYMONT INN & SUITES (CONTINENTAL BREAKFAST)	MADISON	35758	94	Yes	6/18/2014	122 Cleghorn Blvd.
BEANS & BYTES	HUNTSVILLE	35806	98	Yes	9/9/2014	445 Jan Davis Drive
BEENA INC DBA (MADISON B.P.)	MADISON	35758	93	Yes	1/16/2015	8896 Madison Blvd
BEST BUY CHEVRON FOOD MART	MADISON	35758	92	Yes	1/12/2015	8907 Madison Blvd
BEST WESTERN INN--CONTINENTAL BREAKFAST	HUNTSVILLE	35806	94	Yes	1/12/2015	6200 Torok Circle
BIG A CONVENIENCE STORES	MADISON	35758	96	Yes	1/15/2015	9116 Madison Blvd
BIG A CONVENIENCE STORES	HUNTSVILLE	35811	94	Yes	1/27/2015	2274 Hwy 72 E
BIG A CONVENIENCE STORES	HUNTSVILLE	35806	91	Yes	1/15/2015	2551 Bob Wallace
BOB JONES HIGH SCHOOL BASKETBALL/VOLLEYBALL	MADISON	35758	96	Yes	12/16/2014	650 Hughes Road
BOOKS-A-MILLION/JOE MUGGS # 445	HUNTSVILLE	35801	97	Yes	2/4/2015	1001 N. Memorial Pkwy #7
BOOKS-A-MILLION/JOE MUGGS # 591	MADISON	35758	95	Yes	1/21/2015	7830 Hwy 72 W, Ste 200
BROTHER'S MINI MART	HUNTSVILLE	35805	90	Yes	2/17/2015	3521 Governors Drive
BRUSTER'S	HUNTSVILLE	35802	97	Yes	1/20/2015	2100 Cecil Ashburn Drive
BRUSTER'S REAL ICE CREAM	MADISON	35758	97	Yes	3/2/2015	12143 County Line Road
BUCK'S PIZZA	HAZEL GREEN	35750	97	Yes	1/29/2015	12819 Hwy 231/431 N
BUCKHORN HIGH SCHOOL COFFEE SHOP	NEW MARKET	35761	99	Yes	2/12/2015	4123 Winchester Road
BUCKHORN HIGH SCHOOL CONCESSION	NEW MARKET	35761	96	Yes	2/12/2015	4123 Winchester Rd
BUCKHORN MIDDLE SCHOOL GYM CONCESSION	NEW MARKET	35761	98	Yes	2/12/2015	4185 Winchester Road
BUDS FOOD MART	ARDMORE	35739	96	Yes	1/26/2015	9118 Hwy 53
C & J FOODMART	HUNTSVILLE	35810	88	Yes	1/22/2015	2598 Sparkman Drive
C STORE@WOMEN'S & CHILDREN'S HSV HOSPITAL	HUNTSVILLE	35801	96	Yes	10/29/2014	245 Governors Drive
CAFFEINA'S	HUNTSVILLE	35801	99	Yes	6/20/2014	800 Monroe Street
CAMPUS CORNER WAVAHO	HUNTSVILLE	35811	90	Yes	3/10/2014	109 Winchester Rd
CARMIKE 10	HUNTSVILLE	35806	85	Yes	9/2/2014	1359 Old Monrovia Road
CARMIKE, MOTION PICTURE DBA VALLEY BEND 18	HUNTSVILLE	35802	94	Yes	3/16/2015	1485 Four Mile Post Road SE
CENTRAL ELEMENTARY SCHOOL BASKETBALL CONCESSION	HUNTSVILLE	35811	96	Yes	11/7/2014	990 Ryland Pike
CHAMBERS BOTTLING COMPANY, LLC	HUNTSVILLE	35811	99	Yes	6/17/2014	2700 Meridian Street
CHEVRON FOOD MART	GURLEY	35748	91	Yes	1/26/2015	5955 Hwy 72 E
CHOCOLATE CROCODILE	HUNTSVILLE	35806	93	Yes	1/14/2015	350 Bridge St. , Ste 104
CHURCH STREET WINE SHOPPE	HUNTSVILLE	35801	99		11/6/2014	501 Church Street Suite D
CINEMARK MONACO (MAIN CONCESSION)	HUNTSVILLE	35806	95	Yes	1/6/2015	370 The Bridge Street NW
CIRCLE C STORE # 04	HUNTSVILLE	35802	93	Yes	6/6/2014	7546 S. Memorial Pkwy
CIRCLE S FOOD STORES, INC	HUNTSVILLE	35810	90	Yes	2/17/2015	3726 Blue Spring Road
CITGO EXPRESS	HUNTSVILLE	35805	96	Yes	1/14/2015	204 Jordan Ln
CITGO FUEL EXPRESS(SUN-T-RAM LLC DBA )	HUNTSVILLE	35811	97	Yes	4/18/2014	2064 Hwy 72 E #B
CITY OF HSV FERN GULLY PARK CONCESSIONS	HUNTSVILLE	35803	99	Yes	9/25/2013	107 Sanders Rd.
CITY OF HUNTSVILLE FERN BELL PARK CONCESSIONS	HUNTSVILLE	35803	97	Yes	5/5/2014	107 Sanders Road
COLD STONE CREAMERY	HUNTSVILLE	35802	99	Yes	1/21/2015	2750 Carl T. Jones Pkwy #1205
COLUMBIA HIGH SCHOOL - BASKETBALL  CONCESS	HUNTSVILLE	35806	93	Yes	12/9/2014	300 Explorer Blvd
COLUMBIA HIGH SCHOOL SPRING SPORTS CONCESS	HUNTSVILLE	35806	97		2/13/2015	300 Explorer BLVD
COMFORT INN-CONTINENTAL	HUNTSVILLE	35805	98	Yes	10/31/2014	4725 University Drive
COMFORT SUITES	HUNTSVILLE	35806	93	Yes	11/12/2014	6224 Torok Circle
COMMON GROUNDS	HAZEL GREEN	35750	98	Yes	2/6/2015	14380 Hwy 231/431 N
CONFECTIONARY SHOP, THE	HUNTSVILLE	35801	98	Yes	4/24/2014	109 Gates Avenue
CONVENIENCE STORE (UAHUNTSVILLE)	HUNTSVILLE	35899	96	Yes	10/3/2014	507 John Wright Dr.
COUNTRY CROSSING	NEW MARKET	35761	91		1/12/2015	245 County Lake Road
COUNTRY HEARTH INN & SUITES- CONTENTIAL BREAKFAST	MADISON	35758	94	Yes	3/18/2015	8716 Madison Blvd
COVE PARK CONCESSION (HSV E LEAGUE)	HAMPTON COVE	35763	99	Yes	4/29/2014	834 Old Hwy 431
DATHERN MOON WEDDINGS LLC	HUNTSVILLE	35801	100	Yes	10/15/2014	931 Andrew Jackson Way
DAY AND NIGHT	HAZEL GREEN	35750	93	Yes	1/6/2015	14200 Hwy 231/431 N
DAYS INN & SUITES CONTINENTAL BREAKFAST	HUNTSVILLE	35806	95	Yes	12/9/2014	1145 McMurtrie Dr
DISCOUNT EXPRESS # 5	HUNTSVILLE	35803	87	Yes	2/2/2015	10000 Bailey Cove Road
DISCOUNT FOOD MART # 207	HUNTSVILLE	35824	93	Yes	5/29/2014	2220 Zierdt Rd SW
DISCOUNT FOOD MART # 210	GURLEY	35748	93	Yes	1/26/2015	6016 Hwy 72 E
DISCOUNT FOOD MART # 220	HARVEST	35749	93	Yes	2/24/2015	1006 Harvest Road
DISCOUNT FOOD MART # 5206	HUNTSVILLE	35806	95	Yes	1/20/2015	624 Jeff Rd
DISCOUNT FOOD MART # 5211 (EXXON)	MADISON	35757	91	Yes	7/11/2014	7606 Wall Triana Hwy
DOMINO'S PIZZA DBA VALLEY PIZZA INC	HUNTSVILLE	35806	94	Yes	1/20/2015	644 Jeff Rd
DOMINO'S PIZZA DBA VALLEY PIZZA INC	BROWNSBORO	35741	94	Yes	1/22/2015	5600 Hwy 431 S
DOMINO'S PIZZA DBA VALLEY PIZZA INC	HUNTSVILLE	35801	93	Yes	2/20/2015	401 Andrew Jackson  Way
DOMINO'S PIZZA DBA VALLEY PIZZA INC	HUNTSVILLE	35810	96	Yes	1/21/2015	2205 Mastin Lake Rd
DOMINO'S PIZZA DBA VALLEY PIZZA INC	HUNTSVILLE	35802	94	Yes	1/27/2015	7200 Bailey Cove Road
DOMINO'S PIZZA DBA VALLEY PIZZA INC	HUNTSVILLE	35816	95	Yes	1/30/2015	4506 University Dr
DOMINO'S PIZZA DBA VALLEY PIZZA INC	HUNTSVILLE	35803	97	Yes	1/22/2015	11321 S. Memorial Pkwy
DOMINO'S PIZZA DBA VALLEY PIZZA INC	HUNTSVILLE	35811	96	Yes	2/27/2015	1812-C Winchester Rd
DOMINO'S PIZZA DBA VALLEY PIZZA INC	MERIDIANVILLE	35759	97	Yes	1/13/2015	12290 Hwy 231/431 N
DOMINO'S PIZZA DBA VALLEY PIZZA INC	HUNTSVILLE	35805	91	Yes	12/9/2014	3319 Triana Blvd
DOMINO'S PIZZA DBA VALLEY PIZZA INC	MADISON	35758	96	Yes	1/5/2015	8800 Hwy 72 W
DOMINO'S PIZZA DBA VALLEY PIZZA INC	MADISON	35758	92	Yes	12/23/2014	437 Hughes Rd
DOMINO'S PIZZA DBA VALLEY PIZZA INC (VBC # 1)	HUNTSVILLE	35801	97	Yes	1/16/2015	700 Monroe Street
DOMINO'S PIZZA DBA VALLEY PIZZA INC (VBC # 2)	HUNTSVILLE	35801	97	Yes	1/16/2015	700 Monroe Street
DONATOS PIZZA	MADISON	35758	93	Yes	1/22/2015	8000 Madison Blvd Ste D-106
DONATOS PIZZA	HUNTSVILLE	35802	91	Yes	1/12/2015	7500 S. Memorial Pkwy
DRAKE FOOD MART	HUNTSVILLE	35805	91	Yes	4/11/2014	2100-A Drake Avenue
DRAKE MINI MART	HUNTSVILLE	35805	87	Yes	4/16/2014	3629 Patton Rd
DUNKIN DONUTS	MADISON	35758	97	Yes	2/12/2015	103-B Brookridge Drive
DUNKIN DONUTS	HUNTSVILLE	35802	96		1/30/2015	2785-A Carl  T.  Jones
DUNKIN DONUTS	HUNTSVILLE	35801	95		12/18/2014	1221 North Memorial Parkway
E-Z MART	HUNTSVILLE	35810	92	Yes	1/9/2015	5990 Pulaski Pike
EARTH FARE # 510 (PRODUCE)	HUNTSVILLE	35806	97	Yes	10/30/2014	5900 University Drive #C
EARTH FARE # 510 (SPECIALTY DEPARTMENT)	HUNTSVILLE	35806	98	Yes	10/30/2014	5900 University Drive #C
EBONY CLUB	TRIANA	35756	92	No	5/28/2014	176 Cable Circle
ECONOLODGE MADISON	MADISON	35758	92	Yes	12/29/2014	102 Arlington Dr.
EDIBLE ARRANGEMENTS	HUNTSVILLE	35806	96	Yes	12/3/2014	6290 University Dr Suite 1-l
EDIBLE ARRANGEMENTS	HUNTSVILLE	35802	96	Yes	3/4/2015	5000 Whitesburg Drive #148
ELKWOOD GROCERY	ARDMORE	35739	95	Yes	1/26/2015	8233 Old Railroad Bed Road
ENCORE!	HUNTSVILLE	35803	93	No	1/15/2015	13136-C S. Memorial Pkwy
EVERYDAY MARKET, LLC	HUNTSVILLE	35816	91	Yes	5/8/2014	4811 University Drive
EXPRESS FOOD MART	MADISON	35758	92	Yes	1/12/2015	3721 Sullivan St
EXPRESS FOOD MART	HUNTSVILLE	35805	93	Yes	9/5/2014	2119 Clinton Ave W
EZ STOP	MADISON	35758	93	Yes	8/8/2014	5191 Wall Triana Highway
FAST STOP	HUNTSVILLE	35810	91	Yes	6/12/2014	4901 Meridian St
FEDERAL SQUARE MOTEL & SUITES (FOOD)	MADISON	35758	92	Yes	3/2/2015	8781 Madison Blvd.
FIVE POINT FUEL STOP	HUNTSVILLE	35801	92	Yes	2/27/2015	205 Andrew Jackson Way
FLAGSTONE FOODMART	MADISON	35758	88	Yes	7/24/2014	8066 Madison Blvd
FLINT RIVER COFFEE COMPANY INC	HUNTSVILLE	35811	98	Yes	2/11/2015	1443 Winchester Rd
FOOD VALU (PRODUCE)	HUNTSVILLE	35811	96	Yes	12/1/2014	1762 Winchester Road
FOODS FOR LIFE	HUNTSVILLE	35801	98	Yes	7/11/2014	1407-C N. Memorial Pkwy
FOUNTAIN OF WELLNESS	HUNTSVILLE	35802	100	Yes	6/18/2014	8300-A Whitesburg Dr
FUEL CITY SHREE AMBA INC.	HUNTSVILLE	35802	90	Yes	4/30/2014	8511 Whitesburg Drive
FX MARKET	HARVEST	35749	95	Yes	8/20/2014	6360 Hwy 53
GARDEN COVE DELI	HUNTSVILLE	35801	99	Yes	2/4/2015	628 Meridian Street
GARDEN COVE PRODUCE CENTER INC	HUNTSVILLE	35801	96	Yes	2/4/2015	628 Meridian St
GINA'S CHARITY LANE DELI	HAZEL GREEN	35750	96		2/3/2015	1459 Charity Lane
GOVERNORS EXXON	HUNTSVILLE	35801	91	Yes	1/22/2015	200 Governors Drive
GOVERNORS MEDICAL TOWER - C STORE	HUNTSVILLE	35801	99	Yes	10/29/2014	200 Governor's Dr.
GRACE'S AFRICAN AND TROPICAL GROCERIES	HUNTSVILLE	35810	95	Yes	6/26/2014	3023-C N Memorial Parkway
GRINER'S FOODLAND (PRODUCE)	HAZEL GREEN	35750	98	Yes	10/30/2014	14470 Hwy 231/431 N
GRISSOM HIGH BASKETBALL CONCESSION	HUNTSVILLE	35802	94	Yes	11/7/2014	7901 Bailey Cove Road
GURLEY REC GYM BASKETBALL	GURLEY	35748	95	Yes	6/27/2013	311 3rd Street
GURLEY REC. POOL	GURLEY	35748	98	Yes	6/19/2014	311 3rd Street
H & H ENTERPRISE LLC	HUNTSVILLE	35811	94	Yes	4/22/2014	7265 Moores Mill Road
HAMA INC, UNIVERSITY CHEVRON	HUNTSVILLE	35816	85	Yes	4/3/2014	2605 University Drive
HAMPTON COVE SKATE CENTER, INC. DBA ROLLER COASTER SKATE	OWENS CROSS ROADS	35763	91	Yes	5/9/2014	6921 Hwy 431 S
HAMPTON INN & SUITES	HUNTSVILLE	35806	99	Yes	11/26/2014	7010 Governors West, #3
HAMPTON INN & SUITES BREAKFAST BAR	HUNTSVILLE	35763	95	Yes	5/21/2014	6205 Highway 431 South
HAMPTON INN - ARSENAL	HUNTSVILLE	35802	98	Yes	9/10/2014	501 Boulevard South
HAMPTON INN - MADISON	MADISON	35758	96	Yes	12/9/2014	9225 Madison Blvd.
HAMPTON INN, ANDERSON HOTELS INC	HUNTSVILLE	35816	98	Yes	10/31/2014	4815 University Drive
HARVEST ELEMENTARY SCHOOL CONCESSION	HARVEST	35749	97	Yes	2/9/2015	8845 Wall Triana Hwy
HAZEL GREEN ONE STOP & SPIRITS	HAZEL GREEN	35750	90	Yes	12/3/2014	14001 Hwy 231/431 N
HILLWOOD CHEVRON	HUNTSVILLE	35803	89	Yes	10/30/2014	11249 S. Memorial Pkwy
HOLIDAY FOOD (PRODUCE)	HUNTSVILLE	35816	94	Yes	3/13/2015	2701 Patton Road Suite A
HOLIDAY INN EXPRESS & SUITES- BREAKFAST	HUNTSVILLE	35806	98		1/9/2015	2600 Old Fairway Road
HOLIDAY INN EXPRESS (CONTINENTAL )	MADISON	35758	95		12/9/2014	8956 Madison Blvd
HOSON GROCERY	HUNTSVILLE	35805	96	Yes	6/3/2014	2901 9th Ave SW
HSV HOSPITAL  WOMEN&CHILDREN COFFEE KIOSK	HUNTSVILLE	35801	95	Yes	10/29/2014	245 Governors Drive
HUIWIN INC. DBA BOB WALLACE TEXACO	HUNTSVILLE	35805	96	Yes	1/16/2015	3200 Bob Wallace Avenue
HUNTER & POTTER GROCERY	NEW MARKET	35761	96	No	5/13/2014	1476 Joe Quick Rd
HUNTSVILLE HIGH SOFTBALL CONCESSION	HUNTSVILLE	35801	97	Yes	2/25/2014	2304 Billie Watkins SW
HUNTSVILLE HOTEL & SUITES (BREAKFAST)	HUNTSVILLE	35816	95	Yes	11/14/2014	4020 Independence Drive
I LOVE JUICE BAR	HUNTSVILLE	35801	96	Yes	3/4/2015	4800 Whitesburg Dr, Ste 37
INSANITY SKATE, INC.	MADISON	35758	98	Yes	1/6/2015	100 Skate Park Dr
IT'SUGAR	HUNTSVILLE	35806	99	Yes	10/29/2014	340 The Bridge Street  # 116
J MART	HUNTSVILLE	35816	88	Yes	1/15/2015	2018 Jordan Lane
J-MART # 408	MADISON	35758	89	Yes	4/30/2014	8006-18 Madison Pike
J.J. FUN & RECREATION CENTER	HUNTSVILLE	35810	93	No	3/13/2015	2034 N. Memorial Pkwy
JAY BALAJI, INC.	NEW HOPE	35760	90	Yes	3/19/2015	10340 Highway 431 South
JAY DHARMA INC.  DBA DRAKE CHEVRON	HUNTSVILLE	35801	91	Yes	4/7/2014	501 Drake Ave
JET PEP FOOD MART	OWENS CROSS ROADS	35763	93	Yes	1/21/2015	8947 Hwy 431 South
JET PEP, BC SERVICES LLC	MERIDIANVILLE	35759	90	Yes	1/28/2015	11543 Hwy 231/431 N.
JIM'S GROCERY	NEW HOPE	35760	95	Yes	1/22/2015	839 New Hope Rd
JIMMY JOHN'S GOURMET SANDWICHES	HUNTSVILLE	35802	99		1/20/2015	975 Airport Rd, SW  # L1
JIMMY JOHN'S GOURMET SANDWICHES	HUNTSVILLE	35802	90	Yes	1/20/2015	2785 Carl T Jones Drive Suite 
JIMMY JOHN'S GOURMET SANDWICHES 1833	MADISON	35758	98		1/13/2015	7690 Highway 72 West, Suite 10
JIMMY'S	MADISON	35758	96	No	10/28/2014	8700 Hwy 72 W
JOHN HUNT BASEBALL PARK	HUNTSVILLE	35802	99	Yes	5/8/2013	3195 Airport Road
JOHN HUNT PARK-SOCCER	HUNTSVILLE	35802	96	Yes	5/5/2014	3195 Airport Road
JUICE BAR	NORMAL	35762	99		12/5/2014	4011 Meridian Street
K & J PROPERTIES LLC DBA BROWN'S TEXACO	MADISON	35758	94	Yes	1/23/2015	7584 Hwy 72 W
KALEIDO SCOOPS	MADISON	35758	98	Yes	1/27/2015	300-A Hughes Rd
KALEIDOSCOOPS	HARVEST	35749	99	Yes	3/16/2015	2838-A Jeff Rd.
KANGAROO EXPRESS # 3677	HUNTSVILLE	35806	95	Yes	1/13/2015	6278 University Dr
KIMS FOOD SHOP	NEW HOPE	35760	92	Yes	1/23/2015	10122 Hwy 431
KRISPY KREME DOUGHNUT CORPORATION	HUNTSVILLE	35801	93	Yes	3/4/2015	1218 N. Memorial Pkwy
KROGER STORE # 505 (PRODUCE)	MADISON	35758	94	Yes	12/4/2014	300 Hughes Rd
KROGER STORE # 508 (PRODUCE)	HUNTSVILLE	35810	91	Yes	10/10/2014	2110 Oakwood Ave
KROGER STORE # 517 (PRODUCE)	HUNTSVILLE	35811	98	Yes	11/20/2014	6070 Moores Mill Road
KROGER STORE # 552 (PRODUCE)	HUNTSVILLE	35801	98	Yes	2/2/2015	2009 Drake Ave
KROGER STORE # 677 (PRODUCE)	HUNTSVILLE	35806	96		12/19/2014	7090 University Drive
KROGER STORE # 849 (PRODUCE)	HUNTSVILLE	35802	95	Yes	9/8/2014	8404 S. Memorial Pkwy
KRUPA FOOD MART INC. DBA CIRCLE C # 80	HUNTSVILLE	35803	90	Yes	1/15/2015	13001 S. Memorial Pkwy
L & N TEXACO	HUNTSVILLE	35805	94	Yes	1/16/2015	4200 Bob Wallace Avenue
LA FRONTERA	HUNTSVILLE	35805	93	Yes	9/5/2014	2315-C  Jordan Lane
LA QUINTA INN # 722	HUNTSVILLE	35816	92	Yes	1/28/2015	4870 University Drive
LA QUINTA INN # 8008 (BREAKFAST)	HUNTSVILLE	35816	94	Yes	10/7/2014	3141 University Drive
LA QUINTA INN & SUITES CONTINENTAL BREAKFAST	MADISON	35758	98	Yes	12/19/2014	105 Westchester Dr.
LA QUINTA INN & SUITES MADISON SQ  MALL # 4033	HUNTSVILLE	35816	99	Yes	11/12/2014	4890 University Drive N.W.
LEE HIGH BASEBALL	HUNTSVILLE	35811	98	Yes	2/17/2015	2500 Meridian Street
LEE HIGH SCHOOL-BASKETBALL CONCESS.	HUNTSVILLE	35811	98	Yes	11/7/2014	2500 Meridian Street
LEGACY CHILD DEVELOPMENT ACADEMY, LLC	HUNTSVILLE	35810	91	Yes	10/28/2014	2012 Pulaski Pike
LIBERTY 2000	HUNTSVILLE	35811	97	No	7/9/2014	1655 Winchester Road
LIBERTY 2000 (NJN INC)	HUNTSVILLE	35806	87	Yes	5/20/2014	497 Dan Tibbs Rd
LIBERTY MIDDLE SCHOOL BASKETBALL CONCESSION	MADISON	35758	96	Yes	11/10/2014	281 Dock Murphy Drive
LIBERTY MIDDLE SCHOOL OUTDOOR CONCESSION	MADISON	35758	95	Yes	2/12/2015	281 Dock Murphy Drive
LIQUOR EXPRESS	HUNTSVILLE	35801	96		4/14/2014	1802 University Drive
LITTLE CAESARS PIZZA	HUNTSVILLE	35802	94	Yes	1/21/2015	7900 Bailey Cove Road Suite T
LITTLE CAESARS PIZZA	MADISON	35758	93	Yes	12/19/2014	1593-G  Hughes Road
LITTLE CAESARS PIZZA	HUNTSVILLE	35805	94	Yes	1/20/2015	2900-J Triana Boulevard
LITTLE CAESERS PIZZA	HUNTSVILLE	35810	94	Yes	8/15/2014	2598-A Sparkman Drive
LONG BRANCH LOUNGE	HUNTSVILLE	35811	95	No	1/12/2015	200-A Oakwood Avenue
M A VERAI INC., DBA DITTO LANDING JET-PEP	HUNTSVILLE	35803	95		3/3/2015	13375 South Memorial Parkway
MAD. CO. H. S. COFFEE SHOP (BREWED AWAKENING)	GURLEY	35748	93		2/9/2015	174 Brock Road
MADISON CO. ELEM. BASKETBALL CONCESS.	GURLEY	35748	94	Yes	11/18/2014	173 Wood Street
MADISON COUNTY H S BASKETBALL	GURLEY	35748	94	Yes	11/18/2014	174 Brock Rd
MADISON FOOD MART	MADISON	35758	88	Yes	7/22/2014	8500 Old Madison Pike
MADISON PHILLIPS 66	MADISON	35758	94	Yes	1/26/2015	15 Hughes Road
MADISON SQUARE 12	HUNTSVILLE	35806	92	Yes	1/13/2015	5905 University Drive
MADISON SQUARE CHEVRON FOOD MART	HUNTSVILLE	35806	85	Yes	8/5/2014	5830 University Drive
MAGGIE MOO'S ICE CREAM AND TREATERY	HUNTSVILLE	35806	95	Yes	10/31/2014	 350 Bride Street, Suite 112
MAPCO EXPRESS # 218	HARVEST	35749	89	Yes	12/8/2014	5909 AL Hwy 53
MARCO'S PIZZA	HUNTSVILLE	35803	97	Yes	1/26/2015	11310 Memorial Parkway SW, Sui
MARCO'S PIZZA	HUNTSVILLE	35805	95		1/28/2015	2315 Bob Wallace Ave, Ste 102
MARY'S GROCERY	BROWNSBORO	35741	98	Yes	1/30/2015	5694 Hwy 431 S
MASON DIXON BAKERY	HUNTSVILLE	35802	95	Yes	12/11/2014	9009-F Memorial Parkway SE
MASTIN LAKE CHEVRON	HUNTSVILLE	35810	92	Yes	1/23/2015	3501 Pulaski Pike
MAYFAIR PARK CONCESSIONS	HUNTSVILLE	35801	93	Yes	4/24/2014	550 Thorton Avenue
MCGUCKEN PARK (HUNTSVILLE NATIONAL LEAGUE)	HUNTSVILLE	35803	98	Yes	4/7/2014	130200 Bailey Cove Rd
MED EXPRESS CONVENIENCE STORE, INC.	HUNTSVILLE	35801	92	Yes	2/27/2015	2000 Whitesburg Drive
MEDICAL MALL KIOSK	HUNTSVILLE	35801	97	Yes	10/16/2014	1963 Memorial Parkway
MICROTEL INN & SUITES CONT. B'FAST	HUNTSVILLE	35811	97	Yes	11/7/2014	1820 Chase Creek Row
MILTON FRANK STADIUM	HUNTSVILLE	35805	100	Yes	10/14/2014	2801 15th Avenue
MINI MART	HUNTSVILLE	35810	93	Yes	1/29/2015	2206 Mastin Lake Road
MINIT MAN # 051	HUNTSVILLE	35801	95	Yes	2/3/2015	2600 S. Memorial Pkwy
MINIT MAN # 056	BROWNSBORO	35741	95	Yes	1/22/2015	5600 Hwy 431 S
MINIT MAN # 057	HUNTSVILLE	35805	98	Yes	4/8/2014	4000 Holmes Avenue
MINIT MAN # 061	HUNTSVILLE	35802	96	Yes	1/21/2015	8212 Bailey Cove Road
MINIT MAN # 302	HUNTSVILLE	35816	95	Yes	5/23/2014	4001 University Drive
MINIT MAN # 303	HUNTSVILLE	35811	87	Yes	12/15/2014	2003 Meridian Street
MINIT MAN # 306	HUNTSVILLE	35803	96	Yes	2/27/2015	10001 S. Memorial Pkwy
MINIT MAN # 307	MADISON	35758	97	Yes	1/21/2015	8002 Hwy 72 W
MINIT MAN # 308	HUNTSVILLE	35806	96	Yes	6/20/2014	6150 University Drive
MINIT MAN # 313	HUNTSVILLE	35805	94	Yes	1/22/2015	3315 Governors Drive
MINIT MAN # 317/SUBWAY	HUNTSVILLE	35811	95	Yes	8/12/2014	1574 Winchester Rd
MINIT MAN # 327	HUNTSVILLE	35803	94	Yes	6/6/2014	11900 S. Memorial Pkwy
MINIT MAN # 328	HUNTSVILLE	35802	93	Yes	6/12/2014	5004 Whitesburg Drive
MOORES MILL GROCERY	HUNTSVILLE	35811	93	Yes	9/8/2014	7346 Moores Mill Rd
MYSTIK FOOD MART	HUNTSVILLE	35806	87	Yes	7/14/2014	6214 Old Madison Pike
NEIGHBOUR QUICK STOP	HUNTSVILLE	35810	90	Yes	1/9/2015	3421 Pulaski Pike
NELCO EXPRESS	HUNTSVILLE	35806	88		3/24/2014	1109 Slaughter Road
NIKHIL HERITAGE INC. DBA KYLE'S KORNER	HUNTSVILLE	35801	91	Yes	2/3/2015	307 Andrew Jackson Way
OAKWOOD EXXON INC DBA 24/7	HUNTSVILLE	35811	94	Yes	2/5/2015	508 Oakwood Ave
ORANGE TREE FROZEN YOGURT	HUNTSVILLE	35806	94	Yes	11/13/2014	6782 Old Madison Pike Bldg 315
PAPA JACK'S # 14	HUNTSVILLE	35806	85	Yes	7/25/2014	6090 Old Madison Pike NW
PAPA JOHN'S PIZZA	HARVEST	35749	94	Yes	12/8/2014	5850 Hwy 53 #A
PAPA JOHN'S PIZZA # 318	HUNTSVILLE	35811	95	Yes	9/29/2014	1924-B Winchester Road NE
PAPA JOHN'S PIZZA # 319	HUNTSVILLE	35816	88	Yes	8/13/2014	4710 University Dr NW
PAPA JOHN'S PIZZA # 346	HUNTSVILLE	35801	94	Yes	1/15/2015	2806-B S. Memorial Pkwy
PAPA JOHN'S PIZZA # 370	HUNTSVILLE	35802	98	Yes	1/27/2015	2750 Carl T. Jones Dr, Ste 215
PAPA JOHN'S PIZZA # 371	MADISON	35758	89	Yes	12/23/2014	300-F Hughes Road, Suite C
PAPA JOHNS (UAHUNTSVILLE)	HUNTSVILLE	35899	97	Yes	8/27/2014	507 John Wright Dr.
PAPA MURPHY'S PIZZA	MADISON	35758	96	Yes	1/20/2015	7830 Highway 72, West # 210
PAPA MURPHY'S TAKE 'N' BAKE PIZZA	HUNTSVILLE	35810	99	Yes	3/17/2015	2250 Sparkman Drive, Ste 300
PAPA MURPHY'S TAKE 'N' BAKE PIZZA	HUNTSVILLE	35803	95	Yes	1/15/2015	11437 South Memorial Parkway #
PAPA MURPHY'S TAKE 'N' BAKE PIZZA	HUNTSVILLE	35802	95	Yes	1/21/2015	5000 Whitesburg Dr #112
PARKWAY EXPRESS	HUNTSVILLE	35803	92	Yes	6/6/2014	11550 S. Memorial Pkwy
PARKWAY LIQUOR AND TOBACCO	HUNTSVILLE	35801	93	Yes	3/20/2014	513 Drake Ave
PEARLY'S NATURAL FOOD & MERCANTILE LLC	HUNTSVILLE	35805	99		12/23/2014	2818 B Governors Dr.
PHARMACY FIRST	HUNTSVILLE	35801	97	Yes	1/27/2015	2302 Whitesburg Drive
PIGGLY WIGGLY # 82 (PRODUCE)	NEW HOPE	35760	98	Yes	10/20/2014	10199 Hwy 431
PIGGLY WIGGLY # 84 (PRODUCE)	GURLEY	35748	97	Yes	2/9/2015	6022 Hwy 72 E
PIZZA 120, LLC	MADISON	35758	96	Yes	2/12/2015	107 Brookridge Drive, Suite A
PIZZELLE'S CONFECTIONS	HUNTSVILLE	35805	99	Yes	1/29/2015	2211 Seminole Dr, Railroad Roo
POP CULTURE, LLC DBA SUZY'S GOURMET MARKET ICE POPS	HUNTSVILLE	35805	98		1/29/2015	2211 Seminole Dr Suite 2060
PRETZEL TWISTER	HUNTSVILLE	35806	97	Yes	1/21/2015	5901 University Drive Suite 42
PRIMROSE SCHOOL OF MADISON	MADISON	35758	91	Yes	1/27/2015	124 Plaza Blvd.
PROPST DISCOUNT DRUGS, INC.	HUNTSVILLE	35801	92	Yes	3/12/2015	717 Pratt Ave NE
PUBLIX SUPER MARKET # 1126 (PRODUCE)	HUNTSVILLE	35811	100	Yes	1/12/2015	2246 Winchester Road NE
PUBLIX SUPER MARKET # 1190 (PRODUCE)	MERIDIANVILLE	35759	98	Yes	3/19/2015	12290 Highway 231/431 North
PUBLIX SUPER MARKET # 1218 (PRODUCE)	HARVEST	35749	98	Yes	2/23/2015	5850 Hwy 53
PUBLIX SUPER MARKET # 209 (PRODUCE)	HUNTSVILLE	35803	94	Yes	11/20/2014	12796 Bailey Cove Road
PUBLIX SUPER MARKET # 573 (PRODUCE)	OWENS CROSS ROADS	35763	98	Yes	10/10/2014	6707 Hwy 431 S
PUBLIX SUPER MARKET # 574 (PRODUCE)	HUNTSVILLE	35801	99	Yes	1/26/2015	4851 Whitesburg Drive
PUBLIX SUPER MARKET # 598 (PRODUCE)	MADISON	35758	98	Yes	10/21/2014	8000 Madison Blvd.
PUBLIX SUPER MARKET # 745 (PRODUCE)	MADISON	35758	100	Yes	2/20/2015	7830 Hwy 72 W, Ste 300
QUALITY INN	HUNTSVILLE	35816	92	Yes	11/26/2014	3788 University Drive
QUALITY INN CONTINENTAL BREAKFAST	MADISON	35758	96		3/18/2015	102 A Arlington Dr.
QUICK TRIP	HUNTSVILLE	35810	92	Yes	4/24/2014	5160 Blue Spring Road
R.D.H. ENTERPRISES DBA CAT & MOUSE CLUB	HUNTSVILLE	35816	93	No	5/16/2014	1303-C Boxwood Ct
RACEWAY @ BOB WADE LANE	MERIDIANVILLE	35759	97		12/1/2014	11007 Hwy 231/431 N
RAMADA-HUNTSVILLE-CONT. BREAKFAST	HUNTSVILLE	35816	93	Yes	10/24/2014	4880 University Drive NW
REGAL'S HOLLYWOOD 18 CINEMAS	HUNTSVILLE	35801	98	Yes	1/22/2015	3312 S. Memorial Pkwy
RIVERTON ELEMENTARY SCHOOL [POPCORN]	HUNTSVILLE	35811	100	Yes	8/11/2014	2615  Winchester Road
ROBERTSON GOLF MANAGEMENT, INC DBA BECKY PIERCE GOLF COURSE	HUNTSVILLE	35801	99	Yes	5/1/2014	2151 Airport Rd
ROCKET CITY POPS	HUNTSVILLE	35805	97		11/26/2014	2300 Governors Dr SW
ROLLER TIME LLC	HUNTSVILLE	35801	95	Yes	4/22/2014	707 Arcadia Circle
ROUKH INCDBA (JET PEP)	MADISON	35758	94	Yes	5/14/2014	7850 Hwy 72 W
S & M FOOD MART INC.	OWENS CROSS ROADS	35763	95	Yes	1/30/2015	110 Wilson Mann Rd
SAFAR INC. DBA HARVEST SHOP RITE (PIZZA)	HARVEST	35749	97	Yes	12/9/2014	1820 Nick Davis Rd
SAM FIRST DBA BUD'S CONVENIENCE STORE	MADISON	35758	94	Yes	4/30/2014	101 Kyser Blvd
SANDELLA'S	HUNTSVILLE	35899	97	Yes	8/27/2014	301 Sparkman Drive
SANDHURST PARK CONCESSIONS	HUNTSVILLE	35803	97	Yes	5/9/2013	2928 Green Cove Rd
SAUCE LLC DBA ATHLETIC CLUB ALABAMA	HUNTSVILLE	35802	94	Yes	3/24/2014	2100 Members Drive SW
SCHLOTZSKY'S DELI	MADISON	35758	94	Yes	1/9/2015	8969 Madison Blvd.
SEOUL  ORIENTAL  GROCERIES	HUNTSVILLE	35802	98	Yes	1/15/2015	7908 S. Memorial  Parkway
SERVICE FOOD (FUEL CITY)	HUNTSVILLE	35811	92	Yes	12/2/2014	404 Hwy 72 E
SHADDRACK'S	HUNTSVILLE	35805	92	Yes	1/13/2015	3709 Governors Drive
SHAPEUP NUTRITION BAR	MADISON	35758	94	Yes	1/27/2015	130 Park Square Lane
SHELL FOOD MART	HUNTSVILLE	35816	81	Yes	1/20/2015	2880 Jordan Lane
SHELL FOOD MART (MAT INC DBA)	HUNTSVILLE	35810	86	Yes	2/19/2015	2599 Sparkman Dr
SHORT STOP, THE	HUNTSVILLE	35801	94	Yes	3/17/2014	1800 University Drive
SHOWCASE LOUNGE	HUNTSVILLE	35806	89	No	1/13/2015	6400-A Hwy 72 W
SHREE VERAHI INC. DBA CONOCO	HAZEL GREEN	35750	95	No	11/26/2014	14414 Hwy 231/431 N
SKATE CENTER CAROUSEL LLC	HUNTSVILLE	35805	98	Yes	1/29/2015	1201 Winner Ave
SKATE ODYSSEY, INC.	HUNTSVILLE	35803	96	Yes	1/5/2015	11319 S. Memorial Pkwy SW
SLEEP INN & SUITES	HUNTSVILLE	35816	98	Yes	10/31/2014	4727 University Drive
SMOOTHIE KING	HUNTSVILLE	35806	91	Yes	1/12/2015	6290 University Drive
SOUTHBREW COFFEE	HUNTSVILLE	35824	97	Yes	2/10/2015	3324 Wall Triana Highway
SPRING HILL SUITES HUNTSVILLE WEST	HUNTSVILLE	35806	93	Yes	1/9/2015	320 Providence Main
SPRINGHILL SUITES BY MARRIOTT BREAKFAST	HUNTSVILLE	35801	97	Yes	12/9/2014	745 Constellation Dr
SRI SHIRIDI SAI LLC DBA AIRPORT RD. CHEVRON	HUNTSVILLE	35802	96	Yes	7/10/2014	801 Airport Rd
SRINIVASAI INC. DBA EZ EXPRESS	HUNTSVILLE	35805	88	Yes	3/6/2015	4113 Bob Wallace Ave
ST. JOHN PAUL II CATHOLIC HIGH SCHOOL CONCESSION	HUNTSVILLE	35806	99	Yes	11/21/2014	7301 Old Madison Pike
STAR SUPERMARKET (COFFEE SHOP/BAKERY)	HUNTSVILLE	35801	96	Yes	2/18/2015	702 Pratt Ave
STAR SUPERMARKET (PRODUCE)	HUNTSVILLE	35801	93	Yes	2/18/2015	702 Pratt Ave
STAR SUPERMARKET (PRODUCE)	MERIDIANVILLE	35759	98	Yes	10/30/2014	12078 Hwy 231/431 N
STARBUCK'S COFFEE	HUNTSVILLE	35816	99	Yes	10/21/2014	301 Sparkman Dr
STARBUCKS - UAH UNIV CTR	HUNTSVILLE	35899	98	Yes	10/21/2014	301 Sparkman Dr
SUBWAY # 23027	GURLEY	35748	92	Yes	3/3/2015	5955 Hwy 72 E
SUNDOWN CLUB	HUNTSVILLE	35801	96	No	2/17/2015	409 Oakwood Ave
SUPER VALUE GROCERY	HARVEST	35749	90	Yes	2/24/2015	8286 Wall Triana Hwy
SUPER VALUE MINI MART	HARVEST	35749	88	Yes	8/29/2014	1811 Nick Davis Road
SUPERMERCADO LA COLONIAL (RETAIL)	HUNTSVILLE	35810	92	Yes	1/29/2015	1222-B Jordan Lane
SUPERTARGET # 1346 (PRODUCE)	HUNTSVILLE	35806	98	Yes	10/6/2014	6275 University Dr NW
SUPERTARGET # 1367 (PRODUCE)	HUNTSVILLE	35802	97	Yes	12/1/2014	2750 Carl T. Jones Dr. SE #7
SVG, INC./ SUNOCO BUSY BEE MKT	HUNTSVILLE	35802	90		1/28/2015	8000 South Memorial Parkway
SWEET CECE'S FROZEN YOGURT & TREATS	OWENS CROSS ROADS	35763	93	Yes	3/19/2014	326 Sutton Road
SWEET FROG YOGURT SHOP	HUNTSVILLE	35802	97		5/6/2014	5000 Whitesburg Drive South, S
THE BEEF JERKY OUTLET	MADISON	35758	96		3/12/2015	107 Brookridge  Drive, Suite F
THE CORNER STORE	NEW HOPE	35760	95	Yes	1/22/2015	10351 Hwy 431 S
THE FOYER TO GO UAH BUSINESS ADMIN. BLDG.	HUNTSVILLE	35899	96	Yes	8/21/2014	301 Sparkman Dr.
THE FRESH MARKET, INC (PRODUCE)	HUNTSVILLE	35802	95	Yes	10/27/2014	4800 Whitesburg Drive
THE KAFFEEKLATSCH, INC	HUNTSVILLE	35801	93	Yes	12/17/2014	103 Jefferson St. N.
THE PANTRY, INC. KANGAROO EXPRESS # 3684	HUNTSVILLE	35806	97	Yes	1/27/2015	540 Jordan Lane
THE PANTRY, INC. KANGAROO EXPRESS # 3734	HUNTSVILLE	35803	88	Yes	1/12/2015	11040 S. Memorial Parkway
THE UNDERGROUND GROCERY	TRIANA	35756	95	Yes	7/25/2014	564 6th Street
TIDE CLEAN # 6	HUNTSVILLE	35810	93	Yes	2/4/2015	2407 N. Memorial Pkwy
TIDE CLEAN #7	MADISON	35757	88	Yes	1/13/2015	6551 Wall Triana Hwy
TONEY 2010, INC.	TONEY	35773	92	Yes	2/23/2015	7803 Alabama Hwy 53
TRUE BREAD INC. DBA PAPA JOHNS	HAZEL GREEN	35750	97	Yes	1/13/2015	12793 Highway 231-431
TRUSH LLC. DBA STOP & GO	HUNTSVILLE	35805	87	Yes	7/25/2014	1600 Jordan Lane NW
TWILIGHT LOUNGE INC.	HUNTSVILLE	35805	94	No	1/13/2015	2901 Governors Dr
UAH- DUNKIN DONUTS	HUNTSVILLE	35816	97	Yes	12/8/2014	4705 Holmes Ave.
UNION HILL RECREATION PAVILION (CONCESSION)	HUNTSVILLE	35810	99		7/8/2014	2115 Winchester Road NW
UNIVERSITY FITNESS CENTER	HUNTSVILLE	35899	96	Yes	10/8/2014	500 John Wright Dr
UNIVERSITY JET-PEP	HUNTSVILLE	35816	90	Yes	6/20/2014	2821 University Drive NW
VALLEY'S GAS-N-GO	HUNTSVILLE	35805	91	Yes	1/15/2015	4112 Bob Wallace  Ave
VICTORY FOOD MART	HUNTSVILLE	35810	93	Yes	1/9/2015	6000 Pulaski Pike
VICTORY HANDY FOOD MART	HUNTSVILLE	35811	95	Yes	10/29/2014	3420 N. Memorial Pkwy
VIET SANDWICH	MADISON	35758	90	Yes	11/5/2014	7169-E  Hwy 72 W
VILLAGE CAFÉ LLC	HAMPTON COVE	35763	94	Yes	1/28/2015	317 Old Hwy 431 suite B
VISIONS	HUNTSVILLE	35806	97	No	1/13/2015	6404 University Drive
VON BRAUN CENTER ARENA BEVERAGE NORTH	HUNTSVILLE	35801	96	Yes	6/26/2014	700 Monroe St
VON BRAUN CENTER ARENA BEVERAGE SOUTH	HUNTSVILLE	35801	96	Yes	6/26/2014	700 Monroe Street
WALMART # 2690 (BAKERY)	MADISON	35758	97	Yes	10/30/2014	8650 Madison Blvd
WALMART # 5703 (PRODUCE)	MADISON	35758	98		12/12/2014	8580 Highway 72 West
WALMART NEIGHBORHOOD MARKET # 3185 (BAKERY)	HUNTSVILLE	35801	99	Yes	12/19/2014	4226 Oakwood Ave, NW
WALMART NEIGHBORHOOD MARKET # 7342 (BAKERY)	MADISON	35758	99		1/30/2015	7140 Wall Triana Highway
WHAT'S POPP'N	HUNTSVILLE	35802	100	Yes	3/4/2015	975-G Airport Rd
WHISTLE STOP SWEET SHOP	MADISON	35758	98		7/23/2014	104 Main Street
WHITESBURG BAPTIST CAFÉ 246	HUNTSVILLE	35802	98		9/5/2014	6806 Whitesburg Drive
WHITESBURG BAPTIST CONC-S. CAMPUS	HUNTSVILLE	35802	97	Yes	9/12/2014	7300 Whitesburg Drive
ZEN BERI FROZEN YOGURT	MADISON	35758	97	Yes	4/23/2014	8141-E Hwy 72 W
